Workbook

Sheet Team_Submissions
A1: S.No | B1: Project / Part Name | C1: Purpose | D1: Quantity | E1: Member Name | F1: Team | G1: File Name | H1: File Type (STL, STEP, etc.) | I1: Upload Link / Path | J1: Need 3D Model (Yes/No) | K1: Material Required | L1: Dimensions (L×W×H mm) | M1: Urgency | N1: Comments / Notes
A2: 1 | B2: WINS Barcode Reader | C2: Barcode installation | D2: 1 | E2: Tim | F2: Equipment | G2: Barcode_reader_adapter.3mf | H2: 3mf | I2: Telegram | J2: No | K2: PETG | L2: 250*100*20 | M2: Medium

Sheet 3D_Printing_Requests
A1: S.No | B1: Project / Part Name | C1: Purpose | D1: Quantity | E1: Member Name | F1: Team | G1: File Name | H1: File Type (STL, STEP, etc.) | I1: Upload Link / Path | J1: 3D Model (Yes/No) | K1: Material Required | L1: Dimensions (L×W×H mm) | M1: Urgency | N1: Status | O1: Comments / Notes
A2: =Team_Submissions!A2 -> 1 | B2: =Team_Submissions!B2 -> WINS Barcode Reader | C2: =Team_Submissions!C2 -> Barcode installation | D2: =D4 -> 0 | E2: =Team_Submissions!E2 -> Tim | F2: =Team_Submissions!F2 -> Equipment | G2: =Team_Submissions!G2 -> Barcode_reader_adapter.3mf | H2: =Team_Submissions!H2 -> 3mf | I2: =Team_Submissions!I2 -> Telegram | J2: =Team_Submissions!J2 -> No | K2: =Team_Submissions!K2 -> PETG | L2: =Team_Submissions!L2 -> 250*100*20 | M2: =Team_Submissions!M2 -> Medium | N2: Pending | O2: =Team_Submissions!N2 -> 0
A3: =Team_Submissions!A3 -> 0 | B3: =Team_Submissions!B3 -> 0 | C3: =Team_Submissions!C3 -> 0 | D3: =Team_Submissions!D3 -> 0 | E3: =Team_Submissions!E3 -> 0 | F3: =Team_Submissions!F3 -> 0 | G3: =Team_Submissions!G3 -> 0 | H3: =Team_Submissions!H3 -> 0 | ... M3: =Team_Submissions!M3 -> 0 | N3: Pending | O3: =Team_Submissions!N3 -> 0
A4: =Team_Submissions!A4 -> 0 | B4: =Team_Submissions!B4 -> 0 | C4: =Team_Submissions!C4 -> 0 | D4: =Team_Submissions!D4 -> 0 | E4: =Team_Submissions!E4 -> 0 | F4: =Team_Submissions!F4 -> 0 | G4: =Team_Submissions!G4 -> 0 | H4: =Team_Submissions!H4 -> 0 | ... M4: =Team_Submissions!M4 -> 0 | O4: =Team_Submissions!N4 -> 0
A5: =Team_Submissions!A5 -> 0 | B5: =Team_Submissions!B5 -> 0 | C5: =Team_Submissions!C5 -> 0 | D5: =Team_Submissions!D5 -> 0 | E5: =Team_Submissions!E5 -> 0 | F5: =Team_Submissions!F5 -> 0 | G5: =Team_Submissions!G5 -> 0 | H5: =Team_Submissions!H5 -> 0 | ... M5: =Team_Submissions!M5 -> 0 | O5: =Team_Submissions!N5 -> 0
A6: =Team_Submissions!A6 -> 0 | B6: =Team_Submissions!B6 -> 0 | C6: =Team_Submissions!C6 -> 0 | D6: =Team_Submissions!D6 -> 0 | E6: =Team_Submissions!E6 -> 0 | F6: =Team_Submissions!F6 -> 0 | G6: =Team_Submissions!G6 -> 0 | H6: =Team_Submissions!H6 -> 0 | ... M6: =Team_Submissions!M6 -> 0 | O6: =Team_Submissions!N6 -> 0
A7: =Team_Submissions!A7 -> 0 | B7: =Team_Submissions!B7 -> 0 | C7: =Team_Submissions!C7 -> 0 | D7: =Team_Submissions!D7 -> 0 | E7: =Team_Submissions!E7 -> 0 | F7: =Team_Submissions!F7 -> 0 | G7: =Team_Submissions!G7 -> 0 | H7: =Team_Submissions!H7 -> 0 | ... M7: =Team_Submissions!M7 -> 0 | O7: =Team_Submissions!N7 -> 0
A8: =Team_Submissions!A8 -> 0 | B8: =Team_Submissions!B8 -> 0 | C8: =Team_Submissions!C8 -> 0 | D8: =Team_Submissions!D8 -> 0 | E8: =Team_Submissions!E8 -> 0 | F8: =Team_Submissions!F8 -> 0 | G8: =Team_Submissions!G8 -> 0 | H8: =Team_Submissions!H8 -> 0 | ... M8: =Team_Submissions!M8 -> 0 | O8: =Team_Submissions!N8 -> 0
A9: =Team_Submissions!A9 -> 0 | B9: =Team_Submissions!B9 -> 0 | C9: =Team_Submissions!C9 -> 0 | D9: =Team_Submissions!D9 -> 0 | E9: =Team_Submissions!E9 -> 0 | F9: =Team_Submissions!F9 -> 0 | G9: =Team_Submissions!G9 -> 0 | H9: =Team_Submissions!H9 -> 0 | ... M9: =Team_Submissions!M9 -> 0 | O9: =Team_Submissions!N9 -> 0
A10: =Team_Submissions!A10 -> 0 | B10: =Team_Submissions!B10 -> 0 | C10: =Team_Submissions!C10 -> 0 | D10: =Team_Submissions!D10 -> 0 | E10: =Team_Submissions!E10 -> 0 | F10: =Team_Submissions!F10 -> 0 | G10: =Team_Submissions!G10 -> 0 | H10: =Team_Submissions!H10 -> 0 | ... M10: =Team_Submissions!M10 -> 0 | O10: =Team_Submissions!N10 -> 0
A11: =Team_Submissions!A11 -> 0 | B11: =Team_Submissions!B11 -> 0 | C11: =Team_Submissions!C11 -> 0 | D11: =Team_Submissions!D11 -> 0 | E11: =Team_Submissions!E11 -> 0 | F11: =Team_Submissions!F11 -> 0 | G11: =Team_Submissions!G11 -> 0 | H11: =Team_Submissions!H11 -> 0 | ... M11: =Team_Submissions!M11 -> 0 | O11: =Team_Submissions!N11 -> 0
A12: =Team_Submissions!A12 -> 0 | B12: =Team_Submissions!B12 -> 0 | C12: =Team_Submissions!C12 -> 0 | D12: =Team_Submissions!D12 -> 0 | E12: =Team_Submissions!E12 -> 0 | F12: =Team_Submissions!F12 -> 0 | G12: =Team_Submissions!G12 -> 0 | H12: =Team_Submissions!H12 -> 0 | ... M12: =Team_Submissions!M12 -> 0 | O12: =Team_Submissions!N12 -> 0
A13: =Team_Submissions!A13 -> 0 | B13: =Team_Submissions!B13 -> 0 | C13: =Team_Submissions!C13 -> 0 | D13: =Team_Submissions!D13 -> 0 | E13: =Team_Submissions!E13 -> 0 | F13: =Team_Submissions!F13 -> 0 | G13: =Team_Submissions!G13 -> 0 | H13: =Team_Submissions!H13 -> 0 | ... M13: =Team_Submissions!M13 -> 0 | O13: =Team_Submissions!N13 -> 0
A14: =Team_Submissions!A14 -> 0 | B14: =Team_Submissions!B14 -> 0 | C14: =Team_Submissions!C14 -> 0 | D14: =Team_Submissions!D14 -> 0 | E14: =Team_Submissions!E14 -> 0 | F14: =Team_Submissions!F14 -> 0 | G14: =Team_Submissions!G14 -> 0 | H14: =Team_Submissions!H14 -> 0 | ... M14: =Team_Submissions!M14 -> 0 | O14: =Team_Submissions!N14 -> 0
A15: =Team_Submissions!A15 -> 0 | B15: =Team_Submissions!B15 -> 0 | C15: =Team_Submissions!C15 -> 0 | D15: =Team_Submissions!D15 -> 0 | E15: =Team_Submissions!E15 -> 0 | F15: =Team_Submissions!F15 -> 0 | G15: =Team_Submissions!G15 -> 0 | H15: =Team_Submissions!H15 -> 0 | ... M15: =Team_Submissions!M15 -> 0 | O15: =Team_Submissions!N15 -> 0
... A1001: =Team_Submissions!A1001 -> 0 | B1001: =Team_Submissions!B1001 -> 0 | C1001: =Team_Submissions!C1001 -> 0 | D1001: =Team_Submissions!D1001 -> 0 | E1001: =Team_Submissions!E1001 -> 0 | F1001: =Team_Submissions!F1001 -> 0 | G1001: =Team_Submissions!G1001 -> 0 | H1001: =Team_Submissions!H1001 -> 0 | ... M1001: =Team_Submissions!M1001 -> 0 | O1001: =Team_Submissions!N1001 -> 0

Sheet Team_Form
A1: 3D Print Request Form (Use Team_Submissions sheet to enter rows)
A2: Fill one row per part in the 'Team_Submissions' sheet. The tracker updates automatically.
A4: Need 3D Model Built? (Yes/No) | B4: Yes / No
A5: Material Required | B5: PLA, ABS, PETG, TPU, NYLON (PA), PA-CF, PC, ASA, Other
A6: Urgency | B6: Low / Medium / High
A7: Status | B7: Pending / Printing / Completed
